orchestrator_step,updates_completed,reward,step_time_seconds
0,1,0.7321,109.10
1,2,0.5833,158.68
2,3,0.7333,110.12
3,4,0.6607,52.04
4,5,0.7500,111.65
5,6,0.7333,127.15
6,7,0.6964,108.58
7,8,0.5769,130.62
8,9,0.5500,140.76
9,10,0.6429,151.15
10,11,0.6333,98.29
11,12,0.7833,63.59
12,13,0.6607,137.34
13,14,0.7500,79.12
14,15,0.6333,160.26
15,16,0.8077,145.05
16,17,0.7024,93.65
17,18,0.7000,96.07
18,19,0.5536,73.30
19,20,0.5595,77.99
20,21,0.8333,82.56
21,22,0.6786,87.61
22,23,0.7500,103.55
23,24,0.7500,75.40
24,25,0.6667,147.13
25,26,0.5417,122.21
26,27,0.6429,80.72
27,28,0.7333,148.32
28,29,0.6071,111.75
29,30,0.5952,141.40
30,31,0.3929,140.24
31,32,0.8333,115.48
32,33,0.7333,84.01
33,34,0.6538,80.31
34,35,0.5893,194.24
35,36,0.7833,139.58
36,37,0.6875,142.97
37,38,0.6167,89.23
38,39,0.7000,108.37
39,40,0.5000,165.63
40,41,0.5714,118.64
41,42,0.7500,92.02
42,43,0.7500,126.82
43,44,0.5938,95.83
44,45,0.5962,126.41
45,46,0.6167,155.29
46,47,0.5938,124.68
47,48,0.6607,142.24
48,49,0.5333,81.87
49,50,0.6429,112.13
50,51,0.5000,117.91
51,52,0.5938,160.18
52,53,0.8269,112.30
53,54,0.4231,132.46
54,55,0.7143,160.96
55,56,0.6923,181.84
56,57,0.5833,87.93
57,58,0.7000,163.61
58,59,0.6333,96.67
59,60,0.7812,144.37
